bucket,n,pct_crossed
0.0–0.1,585,7.863247863247863
0.1–0.25,250,34.8
0.25–0.5,110,57.27272727272727
0.5–0.75,60,83.33333333333334
0.75–1.0,149,96.64429530201343
