subset,n_test,pos,AUC,AUPRC
Full data,1154,390,0.9024533494428782,0.8479132843066084
Continuous-sites,893,301,0.9072405046242256,0.87122018596134
